<Bookstore>
  <genre name="Business">
    <book>
      <ISBN>BU1032</ISBN>
      <title>The Busy Executive's Database Guide</title>
      <price>19.99</price>
      <chapters>
        <chapter num="1" name="Introduction">
          Abstract...
        </chapter>
        <chapter num="2" name="Body">
          Abstract...
        </chapter>
        <chapter num="3" name="Conclusion">
          Abstract...
        </chapter>
      </chapters>
    </book>
    <book>
      <ISBN>BU2075</ISBN>
      <title>You Can Combat Computer Stress!</title>
      <price>2.99</price>
      <chapters>
        <chapter num="1" name="Introduction">
          Abstract...
        </chapter>
        <chapter num="2" name="Body">
          Abstract...
        </chapter>
        <chapter num="3" name="Conclusion">
          Abstract...
        </chapter>
      </chapters>
    </book>
    <book>
      <ISBN>BU7832</ISBN>
      <title>Straight Talk About Computers</title>
      <price>19.99</price>
      <chapters>
        <chapter num="1" name="Introduction">
          Abstract...
        </chapter>
        <chapter num="2" name="Body">
          Abstract...
        </chapter>
        <chapter num="3" name="Conclusion">
          Abstract...
        </chapter>
      </chapters>
    </book>
  </genre>
</Bookstore>
