<?xml version="1.0" standalone="yes"?>
<Employees>
  <Table>
    <emp_id>PMA42628M</emp_id>
    <fname>Rudy</fname>
    <minit>M</minit>
    <lname>Accorti</lname>
    <job_id>13</job_id>
    <job_lvl>35</job_lvl>
    <pub_id>0877</pub_id>
    <hire_date>1992-08-27T00:00:00-07:00</hire_date>
  </Table>
  <Table>
    <emp_id>PSA89086M</emp_id>
    <fname>Pedro</fname>
    <minit>S</minit>
    <lname>Afonso</lname>
    <job_id>14</job_id>
    <job_lvl>89</job_lvl>
    <pub_id>1389</pub_id>
    <hire_date>1990-12-24T00:00:00-08:00</hire_date>
  </Table>
  <Table>
    <emp_id>VPA30890F</emp_id>
    <fname>Victoria</fname>
    <minit>P</minit>
    <lname>Ashworth</lname>
    <job_id>6</job_id>
    <job_lvl>140</job_lvl>
    <pub_id>0877</pub_id>
    <hire_date>1990-09-13T00:00:00-07:00</hire_date>
  </Table>
  <Table>
    <emp_id>H-B39728F</emp_id>
    <fname>Helen</fname>
    <minit xml:space="preserve"> </minit>
    <lname>Bennett</lname>
    <job_id>12</job_id>
    <job_lvl>35</job_lvl>
    <pub_id>0877</pub_id>
    <hire_date>1989-09-21T00:00:00-07:00</hire_date>
  </Table>
  <Table>
    <emp_id>L-B31947F</emp_id>
    <fname>Lesley</fname>
    <minit xml:space="preserve"> </minit>
    <lname>Brown</lname>
    <job_id>7</job_id>
    <job_lvl>120</job_lvl>
    <pub_id>0877</pub_id>
    <hire_date>1991-02-13T00:00:00-08:00</hire_date>
  </Table>
  <Table>
    <emp_id>F-C16315M</emp_id>
    <fname>Francisco</fname>
    <minit xml:space="preserve"> </minit>
    <lname>Chang</lname>
    <job_id>4</job_id>
    <job_lvl>227</job_lvl>
    <pub_id>9952</pub_id>
    <hire_date>1990-11-03T00:00:00-07:00</hire_date>
  </Table>
  <Table>
    <emp_id>PTC11962M</emp_id>
    <fname>Philip</fname>
    <minit>T</minit>
    <lname>Cramer</lname>
    <job_id>2</job_id>
    <job_lvl>215</job_lvl>
    <pub_id>9952</pub_id>
    <hire_date>1989-11-11T00:00:00-08:00</hire_date>
  </Table>
  <Table>
    <emp_id>A-C71970F</emp_id>
    <fname>Aria</fname>
    <minit xml:space="preserve"> </minit>
    <lname>Cruz</lname>
    <job_id>10</job_id>
    <job_lvl>87</job_lvl>
    <pub_id>1389</pub_id>
    <hire_date>1991-10-26T00:00:00-07:00</hire_date>
  </Table>
  <Table>
    <emp_id>AMD15433F</emp_id>
    <fname>Ann</fname>
    <minit>M</minit>
    <lname>Devon</lname>
    <job_id>3</job_id>
    <job_lvl>200</job_lvl>
    <pub_id>9952</pub_id>
    <hire_date>1991-07-16T00:00:00-07:00</hire_date>
  </Table>
  <Table>
    <emp_id>ARD36773F</emp_id>
    <fname>Anabela</fname>
    <minit>R</minit>
    <lname>Domingues</lname>
    <job_id>8</job_id>
    <job_lvl>100</job_lvl>
    <pub_id>0877</pub_id>
    <hire_date>1993-01-27T00:00:00-08:00</hire_date>
  </Table>
  <Table>
    <emp_id>PHF38899M</emp_id>
    <fname>Peter</fname>
    <minit>H</minit>
    <lname>Franken</lname>
    <job_id>10</job_id>
    <job_lvl>75</job_lvl>
    <pub_id>0877</pub_id>
    <hire_date>1992-05-17T00:00:00-07:00</hire_date>
  </Table>
  <Table>
    <emp_id>PXH22250M</emp_id>
    <fname>Paul</fname>
    <minit>X</minit>
    <lname>Henriot</lname>
    <job_id>5</job_id>
    <job_lvl>159</job_lvl>
    <pub_id>0877</pub_id>
    <hire_date>1993-08-19T00:00:00-07:00</hire_date>
  </Table>
  <Table>
    <emp_id>CFH28514M</emp_id>
    <fname>Carlos</fname>
    <minit>F</minit>
    <lname>Hernadez</lname>
    <job_id>5</job_id>
    <job_lvl>211</job_lvl>
    <pub_id>9999</pub_id>
    <hire_date>1989-04-21T00:00:00-07:00</hire_date>
  </Table>
  <Table>
    <emp_id>PDI47470M</emp_id>
    <fname>Palle</fname>
    <minit>D</minit>
    <lname>Ibsen</lname>
    <job_id>7</job_id>
    <job_lvl>195</job_lvl>
    <pub_id>0736</pub_id>
    <hire_date>1993-05-09T00:00:00-07:00</hire_date>
  </Table>
  <Table>
    <emp_id>KJJ92907F</emp_id>
    <fname>Karla</fname>
    <minit>J</minit>
    <lname>Jablonski</lname>
    <job_id>9</job_id>
    <job_lvl>170</job_lvl>
    <pub_id>9999</pub_id>
    <hire_date>1994-03-11T00:00:00-08:00</hire_date>
  </Table>
  <Table>
    <emp_id>KFJ64308F</emp_id>
    <fname>Karin</fname>
    <minit>F</minit>
    <lname>Josephs</lname>
    <job_id>14</job_id>
    <job_lvl>100</job_lvl>
    <pub_id>0736</pub_id>
    <hire_date>1992-10-17T00:00:00-07:00</hire_date>
  </Table>
  <Table>
    <emp_id>MGK44605M</emp_id>
    <fname>Matti</fname>
    <minit>G</minit>
    <lname>Karttunen</lname>
    <job_id>6</job_id>
    <job_lvl>220</job_lvl>
    <pub_id>0736</pub_id>
    <hire_date>1994-05-01T00:00:00-07:00</hire_date>
  </Table>
  <Table>
    <emp_id>POK93028M</emp_id>
    <fname>Pirkko</fname>
    <minit>O</minit>
    <lname>Koskitalo</lname>
    <job_id>10</job_id>
    <job_lvl>80</job_lvl>
    <pub_id>9999</pub_id>
    <hire_date>1993-11-29T00:00:00-08:00</hire_date>
  </Table>
  <Table>
    <emp_id>JYL26161F</emp_id>
    <fname>Janine</fname>
    <minit>Y</minit>
    <lname>Labrune</lname>
    <job_id>5</job_id>
    <job_lvl>172</job_lvl>
    <pub_id>9901</pub_id>
    <hire_date>1991-05-26T00:00:00-07:00</hire_date>
  </Table>
  <Table>
    <emp_id>M-L67958F</emp_id>
    <fname>Maria</fname>
    <minit xml:space="preserve"> </minit>
    <lname>Larsson</lname>
    <job_id>7</job_id>
    <job_lvl>135</job_lvl>
    <pub_id>1389</pub_id>
    <hire_date>1992-03-27T00:00:00-07:00</hire_date>
  </Table>
  <Table>
    <emp_id>Y-L77953M</emp_id>
    <fname>Yoshi</fname>
    <minit xml:space="preserve"> </minit>
    <lname>Latimer</lname>
    <job_id>12</job_id>
    <job_lvl>32</job_lvl>
    <pub_id>1389</pub_id>
    <hire_date>1989-06-11T00:00:00-07:00</hire_date>
  </Table>
  <Table>
    <emp_id>LAL21447M</emp_id>
    <fname>Laurence</fname>
    <minit>A</minit>
    <lname>Lebihan</lname>
    <job_id>5</job_id>
    <job_lvl>175</job_lvl>
    <pub_id>0736</pub_id>
    <hire_date>1990-06-03T00:00:00-07:00</hire_date>
  </Table>
  <Table>
    <emp_id>ENL44273F</emp_id>
    <fname>Elizabeth</fname>
    <minit>N</minit>
    <lname>Lincoln</lname>
    <job_id>14</job_id>
    <job_lvl>35</job_lvl>
    <pub_id>0877</pub_id>
    <hire_date>1990-07-24T00:00:00-07:00</hire_date>
  </Table>
  <Table>
    <emp_id>PCM98509F</emp_id>
    <fname>Patricia</fname>
    <minit>C</minit>
    <lname>McKenna</lname>
    <job_id>11</job_id>
    <job_lvl>150</job_lvl>
    <pub_id>9999</pub_id>
    <hire_date>1989-08-01T00:00:00-07:00</hire_date>
  </Table>
  <Table>
    <emp_id>R-M53550M</emp_id>
    <fname>Roland</fname>
    <minit xml:space="preserve"> </minit>
    <lname>Mendel</lname>
    <job_id>11</job_id>
    <job_lvl>150</job_lvl>
    <pub_id>0736</pub_id>
    <hire_date>1991-09-05T00:00:00-07:00</hire_date>
  </Table>
  <Table>
    <emp_id>RBM23061F</emp_id>
    <fname>Rita</fname>
    <minit>B</minit>
    <lname>Muller</lname>
    <job_id>5</job_id>
    <job_lvl>198</job_lvl>
    <pub_id>1622</pub_id>
    <hire_date>1993-10-09T00:00:00-07:00</hire_date>
  </Table>
  <Table>
    <emp_id>HAN90777M</emp_id>
    <fname>Helvetius</fname>
    <minit>A</minit>
    <lname>Nagy</lname>
    <job_id>7</job_id>
    <job_lvl>120</job_lvl>
    <pub_id>9999</pub_id>
    <hire_date>1993-03-19T00:00:00-07:00</hire_date>
  </Table>
  <Table>
    <emp_id>TPO55093M</emp_id>
    <fname>Timothy</fname>
    <minit>P</minit>
    <lname>O'Rourke</lname>
    <job_id>13</job_id>
    <job_lvl>100</job_lvl>
    <pub_id>0736</pub_id>
    <hire_date>1988-06-19T00:00:00-07:00</hire_date>
  </Table>
  <Table>
    <emp_id>SKO22412M</emp_id>
    <fname>Sven</fname>
    <minit>K</minit>
    <lname>Ottlieb</lname>
    <job_id>5</job_id>
    <job_lvl>150</job_lvl>
    <pub_id>1389</pub_id>
    <hire_date>1991-04-05T00:00:00-07:00</hire_date>
  </Table>
  <Table>
    <emp_id>MAP77183M</emp_id>
    <fname>Miguel</fname>
    <minit>A</minit>
    <lname>Paolino</lname>
    <job_id>11</job_id>
    <job_lvl>112</job_lvl>
    <pub_id>1389</pub_id>
    <hire_date>1992-12-07T00:00:00-08:00</hire_date>
  </Table>
  <Table>
    <emp_id>PSP68661F</emp_id>
    <fname>Paula</fname>
    <minit>S</minit>
    <lname>Parente</lname>
    <job_id>8</job_id>
    <job_lvl>125</job_lvl>
    <pub_id>1389</pub_id>
    <hire_date>1994-01-19T00:00:00-08:00</hire_date>
  </Table>
  <Table>
    <emp_id>M-P91209M</emp_id>
    <fname>Manuel</fname>
    <minit xml:space="preserve"> </minit>
    <lname>Pereira</lname>
    <job_id>8</job_id>
    <job_lvl>101</job_lvl>
    <pub_id>9999</pub_id>
    <hire_date>1989-01-09T00:00:00-08:00</hire_date>
  </Table>
  <Table>
    <emp_id>MJP25939M</emp_id>
    <fname>Maria</fname>
    <minit>J</minit>
    <lname>Pontes</lname>
    <job_id>5</job_id>
    <job_lvl>246</job_lvl>
    <pub_id>1756</pub_id>
    <hire_date>1989-03-01T00:00:00-08:00</hire_date>
  </Table>
  <Table>
    <emp_id>M-R38834F</emp_id>
    <fname>Martine</fname>
    <minit xml:space="preserve"> </minit>
    <lname>Rance</lname>
    <job_id>9</job_id>
    <job_lvl>75</job_lvl>
    <pub_id>0877</pub_id>
    <hire_date>1992-02-05T00:00:00-08:00</hire_date>
  </Table>
  <Table>
    <emp_id>DWR65030M</emp_id>
    <fname>Diego</fname>
    <minit>W</minit>
    <lname>Roel</lname>
    <job_id>6</job_id>
    <job_lvl>192</job_lvl>
    <pub_id>1389</pub_id>
    <hire_date>1991-12-16T00:00:00-08:00</hire_date>
  </Table>
  <Table>
    <emp_id>A-R89858F</emp_id>
    <fname>Annette</fname>
    <minit xml:space="preserve"> </minit>
    <lname>Roulet</lname>
    <job_id>6</job_id>
    <job_lvl>152</job_lvl>
    <pub_id>9999</pub_id>
    <hire_date>1990-02-21T00:00:00-08:00</hire_date>
  </Table>
  <Table>
    <emp_id>MMS49649F</emp_id>
    <fname>Mary</fname>
    <minit>M</minit>
    <lname>Saveley</lname>
    <job_id>8</job_id>
    <job_lvl>175</job_lvl>
    <pub_id>0736</pub_id>
    <hire_date>1993-06-29T00:00:00-07:00</hire_date>
  </Table>
  <Table>
    <emp_id>CGS88322F</emp_id>
    <fname>Carine</fname>
    <minit>G</minit>
    <lname>Schmitt</lname>
    <job_id>13</job_id>
    <job_lvl>64</job_lvl>
    <pub_id>1389</pub_id>
    <hire_date>1992-07-07T00:00:00-07:00</hire_date>
  </Table>
  <Table>
    <emp_id>MAS70474F</emp_id>
    <fname>Margaret</fname>
    <minit>A</minit>
    <lname>Smith</lname>
    <job_id>9</job_id>
    <job_lvl>78</job_lvl>
    <pub_id>1389</pub_id>
    <hire_date>1988-09-29T00:00:00-07:00</hire_date>
  </Table>
  <Table>
    <emp_id>HAS54740M</emp_id>
    <fname>Howard</fname>
    <minit>A</minit>
    <lname>Snyder</lname>
    <job_id>12</job_id>
    <job_lvl>100</job_lvl>
    <pub_id>0736</pub_id>
    <hire_date>1988-11-19T00:00:00-08:00</hire_date>
  </Table>
  <Table>
    <emp_id>MFS52347M</emp_id>
    <fname>Martin</fname>
    <minit>F</minit>
    <lname>Sommer</lname>
    <job_id>10</job_id>
    <job_lvl>165</job_lvl>
    <pub_id>0736</pub_id>
    <hire_date>1990-04-13T00:00:00-07:00</hire_date>
  </Table>
  <Table>
    <emp_id>GHT50241M</emp_id>
    <fname>Gary</fname>
    <minit>H</minit>
    <lname>Thomas</lname>
    <job_id>9</job_id>
    <job_lvl>170</job_lvl>
    <pub_id>0736</pub_id>
    <hire_date>1988-08-09T00:00:00-07:00</hire_date>
  </Table>
  <Table>
    <emp_id>DBT39435M</emp_id>
    <fname>Daniel</fname>
    <minit>B</minit>
    <lname>Tonini</lname>
    <job_id>11</job_id>
    <job_lvl>75</job_lvl>
    <pub_id>0877</pub_id>
    <hire_date>1990-01-01T00:00:00-08:00</hire_date>
  </Table>
</Employees>