<publishData>
  <publishTarget publishUrl="http://localhost/myapp/">
    <file relUrl="bin/mvc-configuration.pdb" publishTime="07/03/2009 23:57:58" />
    <file relUrl="Scripts/MicrosoftAjax.js" publishTime="07/02/2009 23:47:23" />
    <file relUrl="Scripts/jquery-1.3.2.js" publishTime="07/02/2009 23:47:23" />
    <file relUrl="Views/Account/ChangePassword.aspx" publishTime="07/02/2009 23:47:23" />
    <file relUrl="bin/mvc-configuration.dll" publishTime="07/03/2009 23:57:58" />
    <file relUrl="Scripts/MicrosoftAjax.debug.js" publishTime="07/02/2009 23:47:23" />
    <file relUrl="Web.config" publishTime="07/04/2009 00:13:35" />
    <file relUrl="Views/Home/Index.aspx" publishTime="07/03/2009 20:22:00" />
    <file relUrl="Views/Account/ChangePasswordSuccess.aspx" publishTime="07/02/2009 23:47:23" />
    <file relUrl="Scripts/MicrosoftMvcAjax.js" publishTime="07/02/2009 23:47:23" />
    <file relUrl="Global.asax" publishTime="07/02/2009 23:47:24" />
    <file relUrl="Views/Shared/Site.Master" publishTime="07/02/2009 23:47:24" />
    <file relUrl="Views/Home/About.aspx" publishTime="07/02/2009 23:47:24" />
    <file relUrl="Views/Shared/LogOnUserControl.ascx" publishTime="07/02/2009 23:47:24" />
    <file relUrl="Scripts/jquery-1.3.2-vsdoc.js" publishTime="07/02/2009 23:47:23" />
    <file relUrl="Scripts/jquery-1.3.2.min.js" publishTime="07/02/2009 23:47:23" />
    <file relUrl="Views/Shared/Error.aspx" publishTime="07/02/2009 23:47:24" />
    <file relUrl="Views/Account/LogOn.aspx" publishTime="07/02/2009 23:47:23" />
    <file relUrl="Scripts/jquery-1.3.2.min-vsdoc.js" publishTime="07/02/2009 23:47:23" />
    <file relUrl="Views/Web.config" publishTime="07/05/2009 00:45:19" />
    <file relUrl="Default.aspx" publishTime="07/02/2009 23:47:24" />
    <file relUrl="Scripts/MicrosoftMvcAjax.debug.js" publishTime="07/02/2009 23:47:23" />
    <file relUrl="Content/Site.css" publishTime="07/02/2009 23:47:23" />
    <file relUrl="Views/Account/Register.aspx" publishTime="07/02/2009 23:47:23" />
  </publishTarget>
</publishData>